1,        please,        work,        pleasework@gmail.com,        983-333-3333
2,       please,       work,       pleasework@gmail.com,       983-333-3333
3,      please,      work,      pleasework@gmail.com,      983-333-3333
4,     please,     work,     pleasework@gmail.com,     983-333-3333
5,    please,    work,    pleasework@gmail.com,    983-333-3333
6,   please,   work,   pleasework@gmail.com,   983-333-3333
7,  please,  work,  pleasework@gmail.com,  983-333-3333
8, please, work, pleasework@gmail.com, 983-333-3333
9,rrrrr,rrrr,rrrrr,6765
10,rrrrr,rrrr,rrrrr,6765
11,rrrrr,rrrr,rrrrr,6765
12,rrrrr,rrrr,rrrrr,6765
13,rrrrr,rrrr,rrrrr,6765
14,rrrrr,rrrr,rrrrr,6765
15,rrrrr,rrrr,rrrrr,6765
16,rrrrr,rrrr,rrrrr,6765
17,rrrrr,rrrr,rrrrr,6765
18,rrrrr,rrrr,rrrrr,6765
19,rrrrr,rrrr,rrrrr,6765
20,rrrrr,rrrr,rrrrr,6765
21,rrrrr,rrrr,rrrrr,6765
22,rrrrr,rrrr,rrrrr,6765
23,rrrrr,rrrr,rrrrr,6765
24,rrrrr,rrrr,rrrrr,6765
25,rrrrr,rrrr,rrrrr,6765
26,rrrrr,rrrr,rrrrr,6765
27,rrrrr,rrrr,rrrrr,6765
